name,handle
Andre Valadao,andrevaladao
Gabriela Rocha,gabrielarocha77
Ana Paula ValadaÌƒo Bessa,anapaulavaladao
Nivea Soares,niveasoares
Isaias Saad,isaiassaad
Gabriel Guedes,gabrielguedes
Rodolfo Abrantes,orodolfoabrantes
Laura Souguellis,laurasouguellis
M O R Î› D Î›,moradaoficial
PG,cantorpg
Lukas Agustinho,lukasagustinho
Diante do Trono,diantedotrono
ğ´ğ‘›ğ‘ ğ‘ğ‘œÌğ‘ğ‘Ÿğ‘’ğ‘”ğ‘,ananobrega
Soraya Oliveira Rodrigues Moraes,sorayamoraes
Central 3,central3_
LU ALONE,lualone
LISSA SUBIRA,lissasubira
Marcus Salles,prmarcussalles
Rebeca Carvalho,rebecacarvalhoof
Gabi Sampaio,gabisampaio
TARIK - EsperancÌ§a MocÌ§ambique,tarikmohallem
ğ—¥ğ—”ğ—¤ğ—¨ğ—˜ğ—Ÿ ğ—˜ğ— ğ—˜ğ—¥ğ—œğ—–ğ— | ğŸ¹ğŸ¶ğŸ“ğŸ‡§ğŸ‡·ğŸ‡ºğŸ‡¸,raquelemerickoficial
FlorianoÌpolis House of Prayer,fhopbr
ALTOMONTE MUSIC,altomontemusic
Dunamis Music,dunamis.music
Jason Lee Jones,jason_lee_jones
Mariah Gomes,mariah_oficial
Gui Rebustini,guirebustini
CLAMOR PELAS NACÌ§OÌƒES,clamoroficial
MARCELO CACILIAS,marcelocacilias
DeÌbora Reis,deborareis.oficial
DropsÂ®,drops.ina
THREESIS,3sisoficial
Lagoinha ONE,lagoinhaone
LUDI,ludioficial_
PALANKIN,palankinoficial
NETTO,oficialdonetto
Daniel Alencar,danielalencar
Diego Perensin,diegoperensin
Rafael Bicudo,rafa_bicudo
ANNA FERNANDES,annafoficial
Tiago Suguihara,tiagosuguihara
COM CRISTO,comcristomusic
RELEVANS,relevans_
ERIKA PINHEIRO,erikapinheirooficial
NAZATEEN,nazateen
Judson Gomes De Oliveira,judsonoliveira1
Videira Music,videira_music
MAIS QUE CANCÌ§OÌƒES MUSICÂ®,maisquecancoesmusic
Mari Campos,imaricampos
John Dias,johndiasoficial
LetiÌcia BrandaÌƒo | Cantora,leticiabrandaooficial
M EÌˆ D N A,o_medna
Rafael Bomfim,rafaelbomfim.ofc
Filipe Hitzschky,filipehitzschky
Bauxita,bauxitaoficial
SÃ³stenes Mendes Xavier,sostenesmendesxavier
ABEL JUNHO,abeljunho
Leo Schiappadini,leoschiappadini
Brasa Church Music,brasachurchmusic
Eleve Music,eleve_music
Nathalia Valencia,nathaliavalencia
Renato Mimessi,renatomimessi
N OÌ S  em  U M,nosemum_
Lagoinha Music,lagoinhamusic
D EÌ B O R A   V A R G A S,deboravargas
NAZARENO CENTRAL MUSIC,nazarenocentralmusic
T I AÌƒ O  B A T I S T A,tiaobatista_
Brazilian Salt,braziliansalt_oficial
Rafael Ramos,rafaelramos.rvo
á´¬á´¿á´µá´±áµ€á´¬ á´¹á´¬á´³á´¿á´µá´ºá´µ â¤ï¸,arietamagrini
Central MSC,central.msc
COMPANHIA SALT,ciasalt
RebanhaÌƒo,rebanhao
Kazown,kazownoficial
Samuel Moraes,samuelmoraesoficial
Alex Silva,alexsilva0ficial
Edificando Adoradores,edificandoadoradores
Grace Christ,_gracechrist
Vinicius Melo,viniciusmelo
Central Artes,central.artes
Banda AlÃ©m do vÃ©u,alemdoveu_
rafael pompeo boell,rafapompeoboell
KINGDOM MOVEMENT,kingdommvt
Tenda Worship,tendaworshipbr
,eleve.nmusic
